period.month,avg.effect,avg_CI.lower_68,avg_CI.upper_68,avg_CI.lower_90,avg_CI.upper_90,avg_CI.lower_95,avg_CI.upper_95,avg_SE.upper,avg_SE.lower,median.effect,median_CI.lower_68,median_CI.upper_68,median_CI.lower_90,median_CI.upper_90,median_CI.lower_95,median_CI.upper_95,median_SE.upper,median_SE.lower,percentile_2.5,percentile_16,percentile_84,percentile_97.5,correction.min_estimate_95,correction.max_estimate_95,correction.min_estimate_68,correction.max_estimate_68,correction.mean,correction.median
0,-0.17037285843290648,-0.3390578506097115,-0.02378304300652595,-0.4502909778172009,0.0743475018346678,-0.5054520383095042,0.12174527033737825,0.15042891017483467,0.16554374963741425,-4.360883984985131e-4,-0.008672830717576172,0.004969485724166251,-0.016336599225865056,0.009169181974672515,-0.01981071940600554,0.012607918972395021,0.02318219017445971,0.021704422261244083,-2.547333546350263,-0.38488930674823113,0.036905888437724015,0.7778170537408177,-0.09769648682048253,0.014646797325822601,-0.002872082067145623,0.009570248380534253,-0.008020000846256202,8.648409492854421e-4
3,-0.2656535427810916,-0.7018013743388589,0.1285038391630168,-0.9790602575340113,0.3807145322797544,-1.1114545211703504,0.5017817046803287,0.38354982351346845,0.41518205818401865,-0.051175419058776705,-0.23371292080616085,0.0662458214240775,-0.35599885637425266,0.13217977855030577,-0.4297584828990372,0.17452601783739224,0.17740068670955267,0.18388947825707302,-2.8271672539230224,-0.9299234455305441,0.17708822380896752,1.3524855916950085,-0.2518782195513022,0.023421164019370014,-0.1504675045732121,0.016516978090279504,-0.04469346926879691,0.007496249701077057
6,-0.5959385577688335,-1.097315044018722,-0.10604685801881526,-1.421563148631125,0.19781821200352798,-1.5831411326891638,0.3487674432094602,0.478820946401671,0.5128862830866292,-0.282450771355814,-0.5400619388311179,-0.09481032142436233,-0.675925430590097,0.0254004854431188,-0.7532370510600965,0.08384026246288999,0.2261340632790494,0.2392061517022402,-4.570174100142924,-1.213471039299823,0.016332797812989356,1.1374654093219236,-0.4423268357872209,0.02818065930213921,-0.2517603073244797,0.017071300746610653,-0.10272733322302845,-0.014420361784057735
9,-0.8029924165402038,-1.3469010644964219,-0.26885972678616843,-1.7041026439150695,0.07908198939601993,-1.8831727155017404,0.2545778235779907,0.5403823671328641,0.5744899352050912,-0.3892077067119275,-0.6764546865189358,-0.17617419459675462,-0.8508540532101443,-0.02978615329448514,-0.941492097738485,0.02907295955275122,0.2413277873679432,0.25565419697772385,-5.244462114555637,-1.5524687917614721,-0.08344541995612356,1.0537512695883189,-0.5743527116778777,-0.005329037447221566,-0.28010223784581806,-0.022410055773286863,-0.1517502311034054,-0.056402843802851606
12,-0.8645419589814333,-1.4707926915027032,-0.30294478583658646,-1.847936946068098,0.0707289297817554,-2.0296258170273918,0.24626739998965522,0.5621714871421242,0.5981122114369554,-0.46194837360206703,-0.7778383585386631,-0.2217061662411963,-0.9418228087731041,-0.07603780800533261,-1.0294162501240667,0.006045864108507715,0.2651000436212405,0.2753419541355441,-4.847837892153103,-1.6174535696406345,-0.13329588707708076,0.7290681129194416,-0.6218275771553048,-0.016734045400466347,-0.2968188659815584,-0.0317038825737027,-0.18655542932619223,-0.12419936239438734
15,-0.9078528921518547,-1.5170255490775728,-0.29742327355957177,-1.9142507217037479,0.10652505702354362,-2.1058541044767245,0.30432775890948305,0.6087419014849106,0.6356494676538667,-0.5109159881441976,-0.813262300231605,-0.23981290646891207,-1.0107485822083246,-0.07060322531046379,-1.1131525634895985,0.004038112476500544,0.29484722078123016,0.30024658970165885,-4.613244211947935,-1.758447929137645,-0.1073763583515295,0.7884662301580724,-0.6888698787147003,-0.019815152994612322,-0.3875588695312468,-0.03799379250477951,-0.20903375855839998,-0.10790808250991911
18,-0.9020299653520184,-1.5488169798739158,-0.2810600668573443,-1.9719648780868755,0.13530820698590948,-2.180678492504492,0.3321111413383968,0.6286053992762126,0.6609073525055066,-0.552308368528976,-0.8854209080944522,-0.26179417620624934,-1.0864754307182336,-0.05538700727024207,-1.189345588966363,0.012927893730045409,0.30203862108791923,0.3107211049273427,-4.685550902570044,-1.8231938738707312,-0.11944946337766221,0.9234638735749889,-0.711565275180289,-0.007354093573852762,-0.40121344277657867,-0.025869812437142585,-0.20900768800056035,-0.09072830188818776
21,-0.9402884440090136,-1.6031954308566017,-0.3122570805805612,-2.0321893364192807,0.10015568653884416,-2.239422944125769,0.29213507925464205,0.6293797377474167,0.6647726269570633,-0.5725633553226299,-0.8934175976813771,-0.2566503598952351,-1.0887127531284917,-0.06030743296376542,-1.1809813309106643,0.016216884064385585,0.3069252761261295,0.31078938617235374,-4.84411898334509,-1.797633689198343,-0.12865681507065369,0.6896260654501488,-0.7342687207758622,0.0018194028285790128,-0.4288444478759076,-0.015233201863410241,-0.2000775414917423,-0.08160126810780771
24,-0.9679397873265284,-1.6178568398507005,-0.34659147391155404,-2.04915184054203,0.06430936794132124,-2.259236898683692,0.26077617341077264,0.6284134690959032,0.6592908153032341,-0.5944158191299145,-0.9310605354003797,-0.2706898713659348,-1.1323940257165939,-0.09165621520788114,-1.2374561236888608,0.006736001165375399,0.30580607591727127,0.32030817518975985,-5.240978114686529,-1.7901788800478597,-0.12115100895967366,0.42734131457987556,-0.7167954971866114,0.0055648984320338275,-0.4152201249989423,-0.006633616013266655,-0.19617825391289406,-0.08672656547891035
27,-0.996962602641078,-1.669634311794663,-0.3565241221268457,-2.125130556431242,0.08238863424266368,-2.343086566913121,0.28412035981904155,0.6596215544653021,0.6897611461056427,-0.549369328992233,-0.9281339472488122,-0.2550419431694712,-1.092646163089377,-0.06127229933708538,-1.2398839850968069,0.01762847780596921,0.2887835015013482,0.31552103981004725,-6.229705223511131,-1.83879875163481,-0.0916951059023196,0.36752984024056146,-0.6983189667984308,0.0032285967454437773,-0.3936766564190216,-0.004569658841649421,-0.17833766914126759,-0.04182835560971257
30,-0.9039385070166196,-1.5697679961528384,-0.27344011982423266,-2.0234402707533534,0.12879821847599132,-2.2509449419092533,0.3323106484821473,0.6479843618269168,0.6802340804783551,-0.5284675067283768,-0.912214544278653,-0.21958062314313875,-1.0995813831811363,-0.019108585184826693,-1.2179695827720254,0.04896150487434456,0.2960224976704748,0.3154223152546182,-4.8159705224346805,-1.654047989847195,-0.1033954802549907,0.4195296205586705,-0.6509153556293167,0.03699272410290413,-0.3818364908260904,-0.00456617557715419,-0.1667281726725601,-0.040067146148033944
33,-0.7869421488044658,-1.476889599555862,-0.17305868737817168,-1.9198553008688926,0.22949964653111454,-2.143091247772485,0.43686467686091823,0.6636926802633896,0.701904343132309,-0.5016126603255749,-0.9026693144353746,-0.16036564625300748,-1.1327003692737607,0.005393314418127964,-1.233112136660759,0.10278447774120963,0.3149582557497803,0.3256250934654329,-4.323903825468576,-1.5002504234445826,-0.05388122693146548,0.7151989329372974,-0.620639275385793,0.02620784748040707,-0.38565609335317796,-0.0028957087871286135,-0.15460578533489364,-0.035700488342793865
36,-0.7049017446441022,-1.3435810391974832,-0.11353403320020965,-1.7877666851503182,0.2691060106688912,-2.0146276941433983,0.4745378305195596,0.6528261603867915,0.6901995729989856,-0.45558275373370316,-0.8354741294406614,-0.13222918045302223,-1.099522566316831,0.027465327099018305,-1.241570949334355,0.11147294127981033,0.3305280642033873,0.3316196204364147,-3.9531194201286035,-1.4529572389538068,-0.00934103772144403,0.9089517084722203,-0.5684199182518114,0.0014334545823988173,-0.411175661171587,-0.010069443045901573,-0.15210230195508326,-0.04287909754041902
39,-0.6364100407205668,-1.2042287952316053,-0.10888069551592645,-1.5922071715797297,0.241162412329325,-1.7597724297937405,0.4090821779743215,0.5371907460160964,0.5521219096817743,-0.39335246202859525,-0.7554958766567761,-0.08068068394860636,-0.9939831643039647,0.04483655492454848,-1.136259757584162,0.1399008301712449,0.3261571713638049,0.32134168396360585,-2.8824409297140483,-1.4442777084529452,-0.021823942268910587,0.7688243441687294,-0.5487734016147257,0.01139445720250166,-0.3810283319513046,0.0022126982163796736,-0.14151067499199255,-0.01839544597058448
42,-0.5777190885151814,-1.105723549768247,-0.03353773702113452,-1.4832356022751256,0.3122164078141516,-1.6540053271178239,0.4796401311219548,0.5258241754022838,0.5448906602683871,-0.341303485062866,-0.7160655642101761,-0.052378265293927695,-0.9398077052195806,0.07742343156298254,-1.066645920905955,0.17986312465884036,0.3212023482761732,0.3165368567773747,-2.9046373533928747,-1.3200066874026408,0.009587617331782636,0.8662823869514413,-0.4977032595191199,0.004679672914932686,-0.34545472324137394,0.0010481536764283053,-0.130986821203141,-0.015341801014635437
45,-0.5604144816151977,-1.0870420146958268,-2.5536845389784874e-4,-1.4460130636316255,0.33831848196333264,-1.6180520826000033,0.5074731532577532,0.5264562659433242,0.5507051825581993,-0.33041036597046175,-0.6847984021386566,-0.03079920069366207,-0.8930368954288973,0.11458206420162603,-0.9919416789397342,0.1890201494302014,0.3192849866633497,0.32069525382672137,-2.867627396979249,-1.277834775037183,0.01657115583917663,0.8941759568140272,-0.4836168538467706,0.012684107911298087,-0.3509627838784507,0.0033414691664674016,-0.12551152633400925,-0.014162327313803581
48,-0.5080047778757204,-1.0567027362277281,0.10253347706019214,-1.4137757260650108,0.4680620660279964,-1.594243301268322,0.645245624997539,0.5636933305315318,0.5786428128770668,-0.3612358508999199,-0.6905018189091339,-0.030625795271259804,-0.885518181260287,0.11944254755594486,-0.975574911994778,0.21527312691927242,0.3458824934344612,0.33776367271196495,-2.670623513423758,-1.1634948418421944,0.05261617705686187,1.2779983133343644,-0.4957057005652326,0.005283776069172724,-0.4317988404206322,-3.553616944330923e-4,-0.1530359672671007,-0.04990907891871856
51,-0.42135132709382805,-0.8217565243098749,-0.08317642124739441,-1.0791478775283492,0.15094533218801465,-1.209358660469944,0.26612553678261286,0.3568963864586235,0.38609571572826445,-0.2661937405447329,-0.5314676982387622,-0.024620504416888872,-0.671009668350061,0.0778343133796989,-0.7474670039686724,0.15277674545143374,0.24194610972129368,0.25903300841336185,-2.1679749227412524,-0.8637489881771487,0.09945363501935331,0.6344519690120297,-0.3839905998205754,0.01769829054912933,-0.21490383003746363,0.005732909402766825,-0.08232103429165062,-0.013019754046017712
54,-0.38064291051896965,-0.7832889919152309,-0.04210872370062985,-1.0443782522534395,0.19158898476510955,-1.174747554876074,0.30704506848732455,0.35709253805321545,0.388460154507547,-0.25470748615178407,-0.4776626019421327,-0.009778914399300065,-0.6266516230196023,0.1019911355850038,-0.6964071225264343,0.15910695966799335,0.24238542105847388,0.2623636168086624,-2.1625795268086403,-0.8661715770917151,0.1757196973970459,0.7597166367632416,-0.34668181360053607,0.03312781202268419,-0.18420531182976774,0.015086511090727863,-0.06167219681772943,-0.002359272111907762
57,-0.3421934991542668,-0.7327895560923346,-0.005526666702101929,-0.9893290478336212,0.22211418451919235,-1.1189602309906261,0.33519328075782623,0.34711964165350767,0.3830583879067493,-0.22939645159998395,-0.46033739431316306,-3.947517596706307e-4,-0.6103786759241931,0.11317768474787171,-0.6780823619893006,0.1660768974734713,0.2444237652042682,0.2620230149800556,-2.181826220863541,-0.759833799696429,0.22035041785347897,0.7749987752619447,-0.31395837989668596,0.055793186154156814,-0.16246865955366802,0.03934672393597182,-0.04541579102632705,-0.003330177455388397
60,-0.5195794023279006,-0.9304249602742266,-0.18514719054420434,-1.2143346361320795,0.03874116645006379,-1.3550719818409631,0.14824088619024375,0.35741035286781486,0.41701462133574385,-0.34042149374203773,-0.6959154082598458,-0.06782233026946949,-0.8801588969597084,0.041709987709087244,-0.9881402159835148,0.09394846061671083,0.2726048091793149,0.2858001242236416,-2.007592744107309,-1.2043782961390823,0.008739090235739171,0.4126270485309852,-0.5227703365606198,0.06083534336266345,-0.4144113606063194,0.045814273850790975,-0.1217121489492328,-0.030391346510278656
